I.1. UANG BEREDAR DAN FAKTOR-FAKTOR YANG MEMPENGARUHINYA ¹;;;;;;;;;;;;;;;;;;;;;;;;;;;;;;;;;;;;;;;;;;;;;;;;;;;;;;;;;;;;;;;;;;;;;;;;;;;;;;;;;;;;;;;;;;;;;;;;;;;;;;;;;;;;;;;;;;;;;;;;;;;;;;;;;;;;;;;;;;;;;;;;;;;;;;;;;;;;;;;;I.1.  BROAD MONEY AND ITS AFFECTING FACTORS ¹;;;;;;;;;;;;
(Miliar Rp);;;;;;;;;;;;;;;;;;;;;;;;;;;;;;;;;;;;;;;;;;;;;;;;;;;;;;;;;;;;;;;;;;;;;;;;;;;;;;;;;;;;;;;;;;;;;;;;;;;;;;;;;;;;;;;;;;;;;;;;;;;;;;;;;;;;;;;;;;;;;;;;;;;;;;;;;;;;;;;;(Billions of Rp);;;;;;;;;;;;
;;;;;;;;;;;;;;;;;;;;;;;;;;;;;;;;;;;;;;;;;;;;;;;;;;;;;;;;;;;;;;;;;;;;;;;;;;;;;;;;;;;;;;;;;;;;;;;;;;;;;;;;;;;;;;;;;;;;;;;;;;;;;;;;;;;;;;;;;;;;;;;;;;;;;;;;;;;;;;;;;;;;;;;;;;;;
;;KETERANGAN;2010;;;;;;;;;;;;;;2011;;;;;;;;;;;;;2012;;;;;;;;;;;;;2013;;;;;;;;;;;;;2014;;;;;;;;;;;;;2015;;;;;;;;;;;;;2016;;;;;;;;;;;;;2017;;;;;;;;;;;;;2018;;;;;;;;;;;;;2019;;;;;;;;;;;;;2020;;;;;;;;;;;;;2021;;;;;;;;;;;;;;;;;;;;;2022;;;ITEMS;
;;;Jan;Feb;Mar;Apr;May;Jun;Jul;Aug;Sep;;Oct;Nov;Dec;;Jan;Feb;Mar;Apr;May;Jun;Jul;Aug;Sep;Oct;Nov;Dec;;Jan;Feb;Mar;Apr;May;Jun;Jul;Aug;Sep;Oct;Nov;Dec;;Jan;Feb;Mar;Apr;May;Jun;Jul;Aug;Sep;Oct;Nov;Dec;;Jan;Feb;Mar;Apr;May;Jun;Jul;Aug;Sep;Oct;Nov;Dec;;Jan;Feb;Mar;Apr;May;Jun;Jul;Aug;Sep;Oct;Nov;Dec;;Jan;Feb;Mar;Apr;May;Jun;Jul;Aug;Sep;Oct;Nov;Dec;;Jan;Feb;Mar;Apr;May;Jun;Jul;Aug;Sep;Oct;Nov;Dec;;Jan;Feb;Mar;Apr;May;Jun;Jul;Aug;Sep;Oct;Nov;Dec;;Jan;Feb;Mar;Apr;May;Jun;Jul;Aug;Sep;Oct;Nov;Dec;;Jan;Feb;Mar;Apr;May;Jun;Jul;Aug;Sep;Oct;Nov;Dec;;Jan;Feb;Mar;Apr;May;Jun;Jul;Aug;Sep;Oct;Nov;Dec;;Jan;Feb;Mar;Apr;May;Jun;Jul;Aug;Sep*;;;;
1;;Uang Beredar Luas(M2);2.073.860;2.066.481;2.112.083;2.116.024;2.143.234;2.231.144;2.217.589;2.236.459;2.274.955;;2.308.846;2.347.807;2.471.206;2.471.206;2.436.679;2.420.191;2.451.357;2.434.478;2.475.286;2.522.784;2.564.556;2.621.346;2.643.331;2.677.787;2.729.538;2.877.220;2.877.220;2.857.127;2.852.005;2.914.194;2.929.610;2.994.474;3.052.786;3.057.336;3.091.568;3.128.179;3.164.443;3.207.908;3.307.508;3.307.508;3.268.789;3.280.420;3.322.529;3.360.928;3.426.305;3.413.379;3.506.574;3.502.420;3.584.081;3.576.869;3.616.049;3.730.409;3.730.409;3.652.349;3.635.060;3.652.531;3.721.882;3.780.955;3.857.962;3.887.407;3.886.520;4.010.147;4.024.489;4.076.670;4.173.327;4.173.327;4.174.826;4.218.123;4.246.361;4.275.711;4.288.369;4.358.802;4.373.208;4.404.085;4.508.603;4.443.078;4.452.325;4.548.800;4.548.800;4.498.361;4.521.951;4.561.873;4.581.878;4.614.062;4.737.451;4.730.380;4.746.027;4.737.631;4.778.479;4.868.651;5.004.977;5.004.977;4.936.882;4.942.920;5.017.644;5.033.780;5.126.370;5.225.166;5.178.079;5.219.648;5.254.139;5.284.320;5.321.432;5.419.165;5.419.165;5.351.685;5.351.650;5.395.826;5.409.089;5.435.083;5.534.150;5.507.792;5.529.452;5.606.780;5.667.512;5.670.975;5.760.046;5.760.046;5.644.985;5.670.778;5.747.247;5.746.732;5.860.509;5.908.509;5.941.133;5.934.562;6.004.277;6.026.909;6.074.377;6.136.777;6.136.777;6.047.999;6.118.514;6.441.495;6.236.651;6.465.362;6.391.612;6.566.671;6.730.994;6.748.814;6.782.147;6.821.198;6.905.939;6.905.939;6.767.408;6.817.788;6.895.564;6.964.386;7.004.093;7.130.061;7.160.560;7.211.501;7.300.921;7.491.704;7.573.320;7.870.453;7.870.453;7.646.789;7.690.135;7.810.949;7.911.484;7.854.187;7.890.747;7.845.552;7.897.628;7.962.693;;;Broad Money (M2);1
2;;Uang Beredar Sempit (M1);496.527;490.084;494.461;494.718;514.005;545.405;539.746;555.495;549.941;;555.549;571.337;605.411;605.411;604.169;585.890;580.601;584.634;611.791;636.206;639.688;662.806;656.096;665.000;667.587;722.991;722.991;696.281;683.208;714.215;720.876;749.403;779.367;771.739;772.378;795.460;774.923;801.345;841.652;841.652;787.860;786.549;810.055;832.213;822.876;858.499;879.986;855.783;867.715;856.171;870.412;887.084;887.084;842.678;834.532;853.502;880.470;906.727;945.718;918.566;895.827;949.168;940.349;955.535;942.221;942.221;918.079;927.848;957.580;959.376;980.915;1.039.518;1.031.906;1.026.323;1.063.039;1.036.311;1.051.191;1.055.440;1.055.440;1.046.257;1.035.551;1.064.738;1.089.212;1.118.768;1.184.329;1.144.501;1.135.548;1.126.046;1.142.786;1.182.730;1.237.643;1.237.643;1.191.500;1.196.037;1.215.857;1.245.927;1.275.893;1.341.851;1.293.235;1.274.803;1.304.374;1.325.762;1.338.143;1.390.807;1.390.807;1.326.742;1.351.258;1.361.135;1.372.576;1.404.627;1.452.354;1.383.503;1.384.265;1.411.673;1.410.578;1.405.264;1.457.150;1.457.150;1.376.136;1.386.329;1.428.607;1.454.279;1.508.040;1.513.520;1.487.802;1.475.544;1.508.818;1.504.156;1.553.134;1.565.439;1.565.439;1.484.500;1.505.491;1.648.728;1.576.444;1.653.529;1.637.725;1.683.270;1.765.211;1.780.692;1.782.221;1.799.008;1.855.693;1.855.693;1.762.296;1.784.763;1.827.391;1.850.951;1.861.767;1.915.429;1.933.291;1.938.390;1.968.434;2.071.418;2.114.703;2.282.200;2.282.200;2.149.552;2.195.618;2.254.591;2.327.208;2.302.911;2.339.450;2.296.045;2.279.163;2.320.883;;;Narrow Money (M1);2
3;;Uang Kartal di Luar Bank Umum dan BPR;211.811;211.708;205.083;211.390;214.695;222.828;228.239;241.166;229.825;;235.709;238.500;260.227;260.227;247.481;245.327;241.618;252.013;254.066;261.504;275.437;324.725;279.224;281.341;279.066;307.760;307.760;286.200;280.058;287.003;290.812;294.722;314.621;315.322;327.008;325.508;326.058;327.011;361.897;361.897;326.829;321.483;331.169;324.333;334.033;347.146;383.932;359.417;360.079;363.797;375.780;399.609;399.609;380.070;367.652;377.438;372.342;380.474;381.638;452.788;399.270;395.230;396.113;405.694;419.262;419.262;391.256;387.889;382.005;395.687;406.499;409.713;431.460;423.101;428.860;435.065;437.756;469.534;469.534;439.872;422.149;420.214;435.296;440.660;511.295;474.246;466.502;469.542;467.318;476.850;508.124;508.124;470.250;462.413;468.942;483.042;485.124;561.821;517.810;527.098;523.360;519.861;537.298;586.576;586.576;532.131;531.209;549.216;549.587;580.625;605.973;583.306;587.788;590.805;581.592;586.236;625.370;625.370;579.294;570.435;585.579;592.935;675.635;625.354;619.652;622.452;614.231;611.081;622.384;654.764;654.764;616.227;607.962;620.400;634.192;684.963;651.792;668.185;666.739;674.412;707.831;712.556;760.112;760.112;712.529;698.227;692.478;732.644;743.534;739.006;758.703;750.510;748.616;766.704;775.051;831.234;831.234;765.015;795.951;792.518;896.318;820.155;815.316;822.043;805.459;807.818;;;Currency Outside Commercial and Rural Banks;3
4;;Simpanan Giro Rupiah;284.716;278.376;289.378;283.327;299.310;322.577;311.507;314.328;320.117;;319.840;332.837;345.184;345.184;356.688;340.563;338.984;332.621;357.725;374.702;364.251;338.081;376.872;383.659;388.521;415.231;415.231;410.082;403.150;427.212;430.064;454.682;464.746;456.417;445.370;469.952;448.864;474.334;479.755;479.755;461.031;465.065;478.886;507.880;488.843;511.353;496.054;496.365;507.636;492.374;494.632;487.475;487.475;462.608;466.881;476.065;508.129;526.253;564.080;465.778;496.557;553.939;544.236;549.841;522.960;522.960;526.824;539.958;575.576;563.690;574.416;629.805;600.446;603.222;634.178;601.246;613.435;585.906;585.906;606.385;613.401;644.524;653.916;678.108;673.034;670.255;669.047;656.504;675.468;705.880;729.519;729.519;721.249;733.624;746.915;762.885;790.769;780.030;775.425;747.705;781.014;805.901;800.846;804.231;804.231;794.611;820.049;811.919;822.989;824.002;846.382;800.197;796.477;820.868;828.986;819.028;831.779;831.779;796.842;815.894;843.027;861.343;832.405;888.166;868.149;853.092;894.587;893.075;930.751;910.675;910.675;868.273;897.529;1.028.328;942.253;968.566;985.933;1.015.085;1.098.471;1.106.280;1.074.390;1.086.451;1.095.580;1.095.580;1.049.766;1.086.537;1.134.913;1.118.307;1.118.233;1.176.423;1.174.588;1.187.880;1.219.818;1.304.714;1.339.652;1.450.967;1.450.967;1.384.536;1.399.667;1.462.073;1.430.891;1.482.756;1.524.134;1.474.003;1.473.704;1.513.065;;;Rupiah Demand Deposits;4
5;;Uang Kuasi;1.570.059;1.568.632;1.611.373;1.615.203;1.622.981;1.680.374;1.672.443;1.676.517;1.720.039;;1.747.976;1.769.654;1.856.720;1.856.720;1.822.268;1.823.771;1.862.788;1.841.377;1.853.915;1.876.446;1.914.444;1.943.770;1.973.573;2.000.315;2.047.205;2.139.840;2.139.840;2.147.437;2.153.062;2.185.208;2.193.285;2.229.990;2.256.809;2.272.665;2.307.083;2.321.262;2.378.880;2.396.157;2.455.435;2.455.435;2.470.101;2.483.011;2.500.342;2.515.813;2.588.094;2.543.285;2.608.175;2.625.946;2.691.972;2.697.734;2.720.945;2.820.521;2.820.521;2.787.449;2.787.035;2.785.176;2.828.686;2.860.135;2.903.415;2.959.732;2.982.674;3.044.842;3.066.421;3.099.350;3.209.475;3.209.475;3.233.881;3.278.945;3.275.499;3.302.204;3.293.147;3.305.641;3.325.908;3.362.148;3.426.343;3.391.260;3.386.209;3.479.961;3.479.961;3.436.492;3.473.033;3.483.694;3.479.713;3.483.442;3.539.326;3.573.997;3.596.408;3.599.248;3.622.679;3.671.427;3.753.809;3.753.809;3.731.093;3.732.699;3.783.893;3.771.124;3.833.507;3.866.025;3.866.731;3.925.677;3.930.659;3.939.212;3.964.507;4.009.996;4.009.996;4.006.565;3.983.463;4.018.929;4.020.982;4.015.794;4.066.586;4.107.208;4.128.708;4.177.276;4.237.684;4.246.310;4.282.364;4.282.364;4.248.576;4.264.672;4.299.148;4.272.092;4.334.710;4.379.037;4.435.433;4.435.064;4.470.662;4.497.071;4.495.761;4.545.357;4.545.357;4.536.780;4.586.376;4.764.589;4.635.642;4.787.411;4.732.922;4.864.634;4.946.304;4.946.776;4.977.350;4.998.174;5.027.027;5.027.027;4.983.838;5.012.979;5.049.972;5.095.802;5.124.161;5.198.175;5.210.210;5.252.508;5.311.398;5.400.094;5.438.523;5.565.578;5.565.578;5.474.170;5.470.961;5.529.751;5.556.189;5.524.848;5.526.503;5.530.342;5.598.840;5.620.749;;;Quasi Money;5
6;;Simpanan Berjangka;866.010;873.909;903.846;907.623;912.901;932.170;920.693;920.256;942.007;;969.142;976.972;1.003.054;1.003.054;988.169;978.973;1.013.836;991.390;998.875;1.004.969;1.033.555;1.050.423;1.064.644;1.082.730;1.092.069;1.121.962;1.121.962;1.136.127;1.145.613;1.172.080;1.170.735;1.187.859;1.182.373;1.189.657;1.203.434;1.212.922;1.249.974;1.250.851;1.245.869;1.245.869;1.254.777;1.269.784;1.307.970;1.311.611;1.352.649;1.314.787;1.345.494;1.353.141;1.381.793;1.387.322;1.379.904;1.425.153;1.425.153;1.431.975;1.438.820;1.468.474;1.499.828;1.522.823;1.569.825;1.597.991;1.629.380;1.665.844;1.680.642;1.694.565;1.729.883;1.729.883;1.788.607;1.846.809;1.849.279;1.862.403;1.858.171;1.829.226;1.827.817;1.847.921;1.864.257;1.856.508;1.835.416;1.845.617;1.845.617;1.863.458;1.899.075;1.919.876;1.915.725;1.920.646;1.897.786;1.947.242;1.954.711;1.939.483;1.971.367;1.983.967;1.986.832;1.986.832;2.007.128;2.031.853;2.079.368;2.084.139;2.111.341;2.097.356;2.119.276;2.165.678;2.159.701;2.153.850;2.147.137;2.124.289;2.124.289;2.146.969;2.127.897;2.170.876;2.174.669;2.124.542;2.126.113;2.161.551;2.196.992;2.203.715;2.237.552;2.221.315;2.233.782;2.233.782;2.266.488;2.302.237;2.335.834;2.326.960;2.329.454;2.326.170;2.357.406;2.384.142;2.390.446;2.424.583;2.399.081;2.353.391;2.353.391;2.397.420;2.448.284;2.466.067;2.422.437;2.464.101;2.461.023;2.558.910;2.594.451;2.582.854;2.632.515;2.589.593;2.555.399;2.555.399;2.557.743;2.577.367;2.560.132;2.571.590;2.591.461;2.602.829;2.611.551;2.619.537;2.637.755;2.652.687;2.660.726;2.675.774;2.675.774;2.661.784;2.642.674;2.622.372;2.611.138;2.589.607;2.578.437;2.586.567;2.611.452;2.637.014;;;Time Deposits;6
7;;Rupiah;736.999;744.823;772.718;780.475;789.142;808.099;792.881;789.119;809.958;;834.274;842.690;872.921;872.921;864.039;854.852;885.197;869.445;878.771;887.394;909.234;923.986;933.931;953.045;956.480;981.445;981.445;994.956;999.990;1.023.430;1.022.250;1.028.673;1.017.611;1.018.935;1.031.917;1.032.542;1.062.115;1.060.673;1.068.361;1.068.361;1.081.162;1.100.028;1.125.587;1.133.237;1.156.744;1.116.098;1.135.139;1.131.948;1.148.985;1.168.285;1.171.478;1.188.227;1.188.227;1.209.579;1.224.927;1.254.599;1.286.559;1.293.750;1.331.090;1.364.886;1.396.816;1.418.043;1.444.455;1.456.531;1.475.405;1.475.405;1.523.779;1.570.171;1.572.159;1.589.189;1.578.151;1.558.880;1.567.873;1.583.437;1.593.854;1.600.315;1.583.419;1.587.872;1.587.872;1.607.377;1.656.983;1.683.264;1.687.799;1.698.979;1.681.578;1.727.385;1.726.690;1.715.576;1.742.419;1.740.212;1.726.439;1.726.439;1.754.062;1.764.133;1.812.809;1.816.546;1.837.399;1.830.942;1.861.409;1.900.518;1.885.203;1.886.255;1.885.053;1.851.098;1.851.098;1.880.723;1.861.186;1.902.022;1.908.096;1.863.182;1.852.856;1.882.837;1.903.436;1.914.296;1.945.979;1.943.315;1.934.018;1.934.018;1.974.424;1.989.935;1.999.653;2.000.765;2.025.573;2.033.594;2.060.703;2.076.101;2.079.271;2.105.645;2.097.650;2.054.926;2.054.926;2.107.707;2.132.934;2.134.241;2.130.726;2.168.245;2.165.169;2.234.476;2.266.934;2.261.740;2.302.350;2.296.189;2.272.158;2.272.158;2.276.879;2.300.041;2.275.144;2.294.102;2.304.195;2.316.265;2.332.059;2.340.075;2.343.748;2.363.843;2.380.286;2.386.827;2.386.827;2.383.053;2.373.819;2.357.163;2.349.136;2.336.962;2.309.104;2.320.210;2.327.394;2.331.184;;;Rupiah;7
8;;Valuta Asing;129.011;129.086;131.128;127.148;123.759;124.072;127.812;131.137;132.050;;134.868;134.282;130.133;130.133;124.129;124.121;128.639;121.945;120.104;117.576;124.321;126.436;130.714;129.685;135.589;140.518;140.518;141.171;145.623;148.649;148.486;159.186;164.762;170.722;171.517;180.380;187.859;190.178;177.508;177.508;173.616;169.755;182.383;178.375;195.905;198.689;210.355;221.193;232.808;219.037;208.427;236.925;236.925;222.396;213.893;213.875;213.269;229.073;238.735;233.105;232.564;247.800;236.188;238.034;254.478;254.478;264.828;276.638;277.120;273.215;280.020;270.345;259.944;264.484;270.403;256.193;251.997;257.745;257.745;256.081;242.092;236.613;227.926;221.668;216.207;219.857;228.021;223.908;228.948;243.755;260.393;260.393;253.066;267.720;266.558;267.593;273.942;266.414;257.867;265.160;274.497;267.595;262.085;273.191;273.191;266.246;266.711;268.854;266.574;261.360;273.257;278.714;293.555;289.419;291.572;278.000;299.763;299.763;292.064;312.302;336.181;326.195;303.881;292.576;296.704;308.041;311.174;318.938;301.431;298.465;298.465;289.713;315.350;331.826;291.711;295.856;295.855;324.433;327.517;321.114;330.165;293.404;283.241;283.241;280.864;277.326;284.988;277.488;287.266;286.564;279.492;279.462;294.007;288.844;280.440;288.947;288.947;278.731;268.855;265.209;262.002;252.646;269.333;266.357;284.058;305.830;;;Foreign Currency;8
9;;Tabungan;580.462;572.280;574.376;579.116;584.776;604.818;609.818;621.635;640.527;;645.793;658.200;714.487;714.487;698.044;695.168;696.987;705.880;711.416;730.893;737.725;759.260;769.690;772.836;796.643;864.557;864.557;850.050;850.388;854.144;867.274;874.615;900.494;909.966;931.031;938.223;950.476;965.140;1.027.226;1.027.226;1.017.242;1.008.885;1.001.530;1.013.533;1.018.746;1.023.014;1.051.632;1.053.226;1.069.407;1.069.539;1.082.743;1.152.952;1.152.952;1.119.130;1.111.408;1.097.064;1.105.515;1.095.806;1.106.140;1.144.093;1.132.274;1.143.054;1.138.907;1.158.896;1.234.588;1.234.588;1.184.829;1.181.971;1.170.999;1.176.802;1.169.045;1.190.429;1.219.508;1.222.098;1.259.087;1.251.686;1.276.097;1.361.667;1.361.667;1.308.947;1.302.979;1.302.625;1.309.960;1.318.429;1.386.212;1.377.989;1.393.995;1.396.442;1.395.306;1.424.698;1.507.557;1.507.557;1.457.101;1.450.571;1.452.090;1.442.669;1.454.867;1.505.564;1.504.970;1.506.026;1.525.764;1.531.720;1.569.759;1.638.333;1.638.333;1.605.493;1.605.476;1.601.125;1.596.504;1.629.954;1.667.029;1.670.640;1.665.824;1.673.721;1.684.284;1.686.549;1.769.299;1.769.299;1.709.021;1.697.177;1.701.292;1.699.025;1.762.590;1.771.154;1.773.077;1.762.960;1.773.831;1.779.610;1.804.225;1.877.909;1.877.909;1.830.968;1.829.464;1.899.574;1.869.130;1.942.896;1.926.101;1.946.205;1.979.576;1.986.623;1.990.030;2.035.483;2.108.160;2.108.160;2.056.612;2.042.638;2.059.616;2.102.471;2.132.363;2.169.357;2.177.189;2.191.849;2.220.623;2.244.113;2.274.532;2.376.835;2.376.835;2.325.280;2.332.790;2.361.941;2.450.599;2.425.138;2.431.989;2.432.971;2.427.379;2.437.327;;;Savings Deposits;9
10;;Rupiah;540.445;532.527;533.180;534.979;544.440;562.108;562.678;571.248;588.884;;593.731;605.637;661.882;661.882;646.293;641.688;642.671;650.009;657.450;675.739;681.992;704.608;714.362;716.822;740.613;808.642;808.642;791.737;793.181;795.268;808.319;816.477;838.993;845.545;868.689;877.197;887.696;903.317;963.799;963.799;949.035;939.958;931.522;943.164;947.661;951.112;978.912;978.509;988.932;988.402;999.948;1.068.622;1.068.622;1.034.828;1.027.712;1.012.934;1.020.844;1.009.658;1.021.765;1.056.188;1.044.437;1.055.488;1.053.944;1.070.258;1.144.254;1.144.254;1.093.281;1.090.330;1.077.671;1.082.143;1.077.048;1.094.224;1.123.052;1.116.885;1.137.733;1.136.577;1.159.100;1.245.879;1.245.879;1.195.407;1.189.790;1.189.556;1.198.850;1.206.068;1.273.836;1.261.403;1.276.111;1.274.415;1.272.293;1.301.888;1.380.679;1.380.679;1.331.235;1.326.659;1.326.719;1.319.937;1.331.655;1.381.189;1.387.563;1.391.362;1.402.545;1.410.858;1.447.763;1.520.007;1.520.007;1.487.695;1.490.244;1.484.420;1.479.424;1.512.927;1.545.263;1.551.634;1.549.315;1.549.812;1.558.084;1.566.067;1.644.863;1.644.863;1.590.237;1.579.941;1.581.380;1.578.804;1.647.343;1.646.751;1.653.281;1.640.199;1.647.840;1.657.339;1.682.862;1.757.687;1.757.687;1.706.594;1.697.984;1.754.029;1.734.576;1.804.816;1.791.165;1.807.122;1.833.004;1.841.783;1.843.549;1.886.168;1.959.945;1.959.945;1.914.313;1.898.808;1.910.671;1.961.932;1.989.504;2.025.062;2.029.646;2.043.890;2.064.742;2.087.912;2.115.403;2.218.073;2.218.073;2.159.120;2.163.685;2.182.755;2.276.733;2.254.572;2.252.234;2.256.101;2.248.338;2.254.164;;;Rupiah;10
11;;Valuta Asing;40.017;39.752;41.196;44.137;40.336;42.710;47.140;50.387;51.643;;52.063;52.564;52.605;52.605;51.750;53.480;54.315;55.871;53.966;55.155;55.734;54.651;55.329;56.014;56.030;55.915;55.915;58.314;57.207;58.876;58.955;58.138;61.501;64.421;62.342;61.026;62.779;61.823;63.426;63.426;68.207;68.926;70.008;70.369;71.085;71.902;72.720;74.717;80.475;81.137;82.795;84.330;84.330;84.302;83.697;84.130;84.671;86.148;84.375;87.904;87.838;87.566;84.963;88.639;90.334;90.334;91.548;91.641;93.328;94.659;91.997;96.205;96.456;105.213;121.354;115.109;116.996;115.787;115.787;113.540;113.188;113.069;111.110;112.362;112.376;116.586;117.885;122.027;123.013;122.811;126.879;126.879;125.866;123.912;125.371;122.732;123.212;124.375;117.407;114.664;123.218;120.862;121.996;118.326;118.326;117.798;115.232;116.704;117.080;117.027;121.766;119.006;116.509;123.909;126.200;120.482;124.436;124.436;118.784;117.236;119.912;120.220;115.246;124.402;119.796;122.762;125.990;122.271;121.362;120.222;120.222;124.374;131.480;145.545;134.554;138.080;134.936;139.083;146.572;144.840;146.481;149.315;148.215;148.215;142.299;143.831;148.946;140.539;142.859;144.295;147.543;147.959;155.881;156.201;159.128;158.762;158.762;166.160;169.104;179.186;173.866;170.566;179.755;176.870;179.042;183.163;;;Foreign Currency;11
12;;Simpanan Giro Valuta asing;123.587;122.443;133.151;128.464;125.304;143.386;141.932;134.627;137.504;;133.041;134.482;139.180;139.180;136.056;149.630;151.966;144.107;143.625;140.584;143.163;134.088;139.238;144.749;158.494;153.320;153.320;161.260;157.061;158.984;155.275;167.516;173.942;173.041;172.617;170.117;178.430;180.166;182.341;182.341;198.081;204.343;190.841;190.669;216.699;205.484;211.049;219.578;240.772;240.872;258.298;242.416;242.416;236.344;236.807;219.639;223.343;241.505;227.451;217.648;221.020;235.945;246.873;245.889;245.005;245.005;260.445;250.165;255.221;262.998;265.931;285.986;278.583;292.128;302.999;283.065;274.697;272.678;272.678;264.086;270.979;261.192;254.028;244.366;255.328;248.766;247.702;263.323;256.007;262.762;259.420;259.420;266.864;250.275;252.435;244.316;267.298;263.105;242.484;253.973;245.195;253.643;247.610;247.374;247.374;254.103;250.090;246.929;249.809;261.299;273.445;275.016;265.893;299.840;315.847;338.445;279.284;279.284;273.067;265.258;262.022;246.107;242.667;281.713;304.950;287.962;306.386;292.878;292.455;314.056;314.056;308.392;308.628;398.949;344.075;380.414;345.798;359.519;372.277;377.300;354.805;373.098;363.468;363.468;369.483;392.974;430.224;421.741;400.338;425.988;421.469;441.122;453.019;503.294;503.266;512.969;512.969;487.106;495.497;545.437;494.452;510.103;516.076;510.804;560.009;546.408;;;Foreign Currency Demand Deposits;12
13;;Surat Berharga Selain Saham;7.274;7.765;6.249;6.103;6.248;5.365;5.400;4.448;4.975;;5.321;6.816;9.075;9.075;10.242;10.530;7.968;8.468;9.580;10.131;10.424;14.770;13.663;12.472;14.746;14.388;14.388;13.409;15.735;14.771;15.450;15.081;16.610;12.932;12.108;11.457;10.640;10.406;10.420;10.420;10.829;10.861;12.132;12.902;15.335;11.594;18.413;20.691;24.394;22.965;24.692;22.805;22.805;22.223;13.493;13.852;12.726;14.094;8.829;9.110;8.019;16.136;17.719;21.785;21.630;21.630;22.866;11.331;13.282;14.131;14.307;13.643;15.394;15.615;19.221;15.508;14.925;13.399;13.399;15.613;13.368;13.441;12.952;11.852;13.796;11.882;14.070;12.336;13.014;14.494;13.525;13.525;14.289;14.184;17.894;16.729;16.971;17.289;18.113;19.167;19.106;19.345;18.782;18.362;18.362;18.378;16.929;15.761;15.530;14.661;15.209;17.082;16.479;17.831;19.251;19.401;20.533;20.533;20.273;19.776;19.492;20.362;17.758;15.953;17.898;23.953;24.797;25.681;25.482;25.981;25.981;26.719;26.646;28.178;24.564;24.422;20.965;18.767;19.479;21.345;22.576;24.016;23.220;23.220;21.274;20.045;18.201;17.634;18.165;16.457;17.059;20.603;21.089;20.192;20.094;22.675;22.675;23.068;23.556;26.608;28.087;26.427;24.795;19.164;19.624;21.062;;;Securities Other Than Shares;13
14;;Faktor-faktor Yang Mempengaruhi Uang beredar;2.073.860;2.066.481;2.112.083;2.116.024;2.143.234;2.231.144;2.217.589;2.236.459;2.274.955;;2.308.846;2.347.807;2.471.206;2.471.206;2.436.679;2.420.191;2.451.357;2.434.478;2.475.286;2.522.784;2.564.556;2.621.346;2.643.331;2.677.787;2.729.538;2.877.220;2.877.220;2.857.127;2.852.005;2.914.194;2.929.610;2.994.474;3.052.786;3.057.336;3.091.568;3.128.179;3.164.443;3.207.908;3.307.508;3.307.508;3.268.789;3.280.420;3.322.529;3.360.928;3.426.305;3.413.379;3.506.574;3.502.420;3.584.081;3.576.869;3.616.049;3.730.409;3.730.409;3.652.349;3.635.060;3.652.531;3.721.882;3.780.955;3.857.962;3.887.407;3.886.520;4.010.147;4.024.489;4.076.670;4.173.327;4.173.327;4.174.826;4.218.123;4.246.361;4.275.711;4.288.369;4.358.802;4.373.208;4.404.085;4.508.603;4.443.078;4.452.325;4.548.800;4.548.800;4.498.361;4.521.951;4.561.873;4.581.878;4.614.062;4.737.451;4.730.380;4.746.027;4.737.631;4.778.479;4.868.651;5.004.977;5.004.977;4.936.882;4.942.920;5.017.644;5.033.780;5.126.370;5.225.166;5.178.079;5.219.648;5.254.139;5.284.320;5.321.432;5.419.165;5.419.165;5.351.685;5.351.650;5.395.826;5.409.089;5.435.083;5.534.150;5.507.792;5.529.452;5.606.780;5.667.512;5.670.975;5.760.046;5.760.046;5.644.985;5.670.778;5.747.247;5.746.732;5.860.509;5.908.509;5.941.133;5.934.562;6.004.277;6.026.909;6.074.377;6.136.777;6.136.777;6.047.999;6.118.514;6.441.495;6.236.651;6.465.362;6.391.612;6.566.671;6.730.994;6.748.814;6.782.147;6.821.198;6.905.939;6.905.939;6.767.408;6.817.788;6.895.564;6.964.386;7.004.093;7.130.061;7.160.560;7.211.501;7.300.921;7.491.704;7.573.320;7.870.453;7.870.453;7.646.789;7.690.135;7.810.949;7.911.484;7.854.187;7.890.747;7.845.552;7.897.628;7.962.693;;;Factors Affecting Broad Money;14
15;;Aktiva Luar negeri Bersih;714.944;716.296;726.192;774.153;734.043;756.588;761.898;797.383;824.481;;855.406;847.094;865.121;865.121;856.854;885.005;911.389;957.262;971.294;970.573;972.976;977.556;918.902;913.004;939.668;912.174;912.174;934.112;942.113;926.120;963.364;971.114;925.568;936.305;955.709;975.633;990.455;989.138;965.442;965.442;960.233;937.714;947.362;940.165;935.590;833.821;849.697;879.470;972.111;955.881;987.759;1.011.361;1.011.361;1.035.757;1.009.224;983.372;1.010.167;1.056.871;1.072.451;1.051.085;1.063.301;1.114.215;1.096.264;1.102.325;1.105.783;1.105.783;1.194.242;1.207.650;1.189.181;1.160.777;1.189.000;1.190.279;1.177.586;1.178.638;1.232.071;1.124.765;1.128.848;1.176.638;1.176.638;1.143.188;1.146.190;1.186.803;1.180.527;1.163.191;1.221.949;1.216.908;1.269.008;1.270.287;1.274.844;1.262.883;1.298.938;1.298.938;1.305.452;1.345.426;1.395.154;1.423.142;1.446.967;1.434.033;1.484.065;1.508.682;1.530.100;1.505.181;1.480.272;1.541.838;1.541.838;1.533.280;1.528.814;1.524.593;1.514.085;1.452.086;1.482.401;1.447.313;1.483.559;1.470.815;1.494.443;1.444.270;1.442.602;1.442.602;1.387.582;1.451.137;1.467.485;1.421.737;1.403.335;1.447.420;1.467.212;1.526.015;1.510.496;1.523.637;1.510.855;1.506.614;1.506.614;1.524.650;1.593.389;1.670.976;1.646.197;1.659.391;1.622.241;1.724.739;1.737.306;1.762.518;1.735.682;1.665.859;1.711.187;1.711.187;1.751.525;1.776.325;1.803.431;1.821.783;1.765.827;1.809.372;1.799.134;1.841.761;1.851.331;1.834.568;1.842.188;1.809.680;1.809.680;1.782.609;1.801.305;1.776.927;1.742.462;1.714.258;1.779.197;1.715.686;1.767.398;1.753.349;;;Net Foreign Assets;15
16;;Tagihan Kepada Bukan Penduduk;861.742;863.557;874.135;916.371;881.927;901.564;910.669;946.869;977.152;;1.010.228;1.008.612;1.033.086;1.033.086;1.002.551;1.024.022;1.056.773;1.100.625;1.120.911;1.128.510;1.158.726;1.178.255;1.129.764;1.122.662;1.155.179;1.134.951;1.134.951;1.156.298;1.166.546;1.151.445;1.188.695;1.202.588;1.155.730;1.171.991;1.193.230;1.215.800;1.269.262;1.274.245;1.270.701;1.270.701;1.264.490;1.244.468;1.262.012;1.268.623;1.260.176;1.163.052;1.203.064;1.250.549;1.362.325;1.331.948;1.396.959;1.442.896;1.442.896;1.465.394;1.398.855;1.391.071;1.422.580;1.492.260;1.525.892;1.505.340;1.524.608;1.586.508;1.566.366;1.567.934;1.596.103;1.596.103;1.684.168;1.702.996;1.698.786;1.670.947;1.711.727;1.705.774;1.705.046;1.722.938;1.769.827;1.626.771;1.634.057;1.741.211;1.741.211;1.688.392;1.698.065;1.726.447;1.721.749;1.710.827;1.766.654;1.753.097;1.789.955;1.786.536;1.790.859;1.798.470;1.838.278;1.838.278;1.841.030;1.879.059;1.908.093;1.927.733;1.952.640;1.982.921;1.991.694;2.021.575;2.045.635;2.017.210;1.994.742;2.073.389;2.073.389;2.072.481;2.076.885;2.064.294;2.052.124;2.012.355;2.057.858;2.039.888;2.078.088;2.070.639;2.091.265;2.018.394;2.051.432;2.051.432;1.995.468;2.036.358;2.111.629;2.096.500;2.031.444;2.065.231;2.072.174;2.116.546;2.092.600;2.100.317;2.100.401;2.103.385;2.103.385;2.110.290;2.196.230;2.348.854;2.275.616;2.260.010;2.211.083;2.320.754;2.333.780;2.356.098;2.332.092;2.244.259;2.277.584;2.277.584;2.311.121;2.352.099;2.374.126;2.381.090;2.333.250;2.366.823;2.358.076;2.484.706;2.493.032;2.466.332;2.478.172;2.446.266;2.446.266;2.409.522;2.446.419;2.419.860;2.403.375;2.398.034;2.469.447;2.401.514;2.431.075;2.443.445;;;Claims on Non_Residents;16
17;;Kewajiban Kepada Bukan Penduduk;146.798;147.262;147.942;142.218;147.884;144.977;148.771;149.487;152.671;;154.823;161.518;167.964;167.964;145.698;139.018;145.384;143.363;149.617;157.937;185.751;200.699;210.862;209.658;215.511;222.777;222.777;222.186;224.433;225.325;225.331;231.473;230.162;235.685;237.521;240.167;278.807;285.107;305.259;305.259;304.257;306.754;314.650;328.458;324.586;329.231;353.366;371.079;390.214;376.067;409.200;431.536;431.536;429.637;389.631;407.698;412.413;435.390;453.441;454.256;461.307;472.293;470.102;465.609;490.321;490.321;489.926;495.347;509.605;510.170;522.728;515.494;527.460;544.300;537.756;502.006;505.208;564.572;564.572;545.204;551.875;539.643;541.222;547.636;544.704;536.188;520.947;516.249;516.015;535.586;539.340;539.340;535.578;533.632;512.939;504.591;505.672;548.888;507.628;512.893;515.535;512.029;514.471;531.551;531.551;539.201;548.071;539.701;538.039;560.269;575.457;592.575;594.528;599.824;596.821;574.124;608.830;608.830;607.886;585.220;644.144;674.763;628.109;617.811;604.961;590.531;582.104;576.679;589.547;596.771;596.771;585.640;602.841;677.877;629.419;600.619;588.842;596.015;596.474;593.580;596.411;578.400;566.397;566.397;559.596;575.774;570.695;559.307;567.422;557.451;558.942;642.944;641.701;631.763;635.984;636.586;636.586;626.913;645.113;642.932;660.913;683.775;690.250;685.828;663.676;690.095;;;Liabilities to Non_Residents;17
18;;Aktiva Dalam Negeri Bersih;1.358.916;1.350.185;1.385.890;1.341.870;1.409.191;1.474.556;1.455.691;1.439.077;1.450.474;;1.453.440;1.500.713;1.606.084;1.606.084;1.579.825;1.535.186;1.539.968;1.477.216;1.503.992;1.552.211;1.591.581;1.643.789;1.724.430;1.764.783;1.789.870;1.965.045;1.965.045;1.923.015;1.909.892;1.988.074;1.966.246;2.023.360;2.127.218;2.121.031;2.135.860;2.152.546;2.173.988;2.218.770;2.342.066;2.342.066;2.308.556;2.342.707;2.375.167;2.420.763;2.490.715;2.579.558;2.656.876;2.622.950;2.611.969;2.620.988;2.628.290;2.719.049;2.719.049;2.616.592;2.625.837;2.669.158;2.711.716;2.724.084;2.785.511;2.836.323;2.823.219;2.895.931;2.928.225;2.974.345;3.067.544;3.067.544;2.980.584;3.010.473;3.057.180;3.114.934;3.099.370;3.168.522;3.195.623;3.225.447;3.276.533;3.318.314;3.323.476;3.372.162;3.372.162;3.355.173;3.375.761;3.375.069;3.401.351;3.450.871;3.515.502;3.513.471;3.477.019;3.467.344;3.503.635;3.605.768;3.706.039;3.706.039;3.631.430;3.597.494;3.622.489;3.610.638;3.679.403;3.791.133;3.694.013;3.710.966;3.724.039;3.779.139;3.841.160;3.877.327;3.877.327;3.818.404;3.822.837;3.871.233;3.895.003;3.982.997;4.051.749;4.060.479;4.045.892;4.135.965;4.173.069;4.226.705;4.317.444;4.317.444;4.257.403;4.219.640;4.279.762;4.324.995;4.457.174;4.461.089;4.473.921;4.408.546;4.493.781;4.503.271;4.563.522;4.630.162;4.630.162;4.523.349;4.525.124;4.770.519;4.590.454;4.805.971;4.769.371;4.841.932;4.993.688;4.986.296;5.046.465;5.155.339;5.194.752;5.194.752;5.015.882;5.041.463;5.092.133;5.142.604;5.238.266;5.320.690;5.361.426;5.369.739;5.449.589;5.657.136;5.731.132;6.060.772;6.060.772;5.864.180;5.888.829;6.034.022;6.169.023;6.139.928;6.111.550;6.129.866;6.130.230;6.209.344;;;Net Domestic Assets;18
19;;Tagihan Bersih kepada Pemerintah Pusat;393.847;370.724;370.121;314.885;294.292;304.728;290.089;264.299;283.694;;293.481;299.613;368.717;368.717;355.797;310.741;318.001;252.127;223.667;216.791;216.081;214.449;237.643;257.584;244.644;351.177;351.177;322.216;296.137;297.108;243.123;240.053;284.331;279.040;271.398;298.897;285.784;313.325;389.827;389.827;378.366;361.337;366.902;341.302;322.822;330.871;377.080;340.332;342.433;337.225;353.755;406.611;406.611;345.702;318.677;308.623;314.114;290.773;325.312;293.691;306.328;345.765;380.011;394.515;416.608;416.608;363.458;382.650;426.449;417.441;365.074;408.232;407.278;420.750;482.396;495.480;520.858;491.127;491.127;532.951;563.544;517.322;513.239;542.179;511.217;502.255;486.277;410.538;442.064;508.968;519.065;519.065;507.172;485.638;445.404;393.805;442.961;464.804;448.191;458.275;463.550;503.524;518.698;488.862;488.862;528.312;530.355;471.641;427.324;421.367;462.120;471.915;445.236;484.358;486.943;500.608;472.729;472.729;438.308;386.108;425.782;450.741;441.423;403.059;428.034;429.160;447.472;438.261;512.830;489.173;489.173;433.341;431.084;486.688;457.426;489.130;575.286;601.872;707.777;789.836;795.004;853.966;818.392;818.392;672.416;651.402;692.118;664.444;764.942;797.333;835.833;858.308;917.981;1.037.347;1.113.439;1.127.267;1.127.267;996.318;929.878;885.833;813.009;794.737;685.883;743.483;666.037;619.769;;;Net Claims on Central Goverment;19
20;;Tagihan Kepada Pemerintah Pusat;547.457;540.740;540.697;525.924;531.309;522.552;515.995;521.235;523.138;;518.009;525.104;514.143;514.143;512.544;510.331;514.240;506.205;509.284;507.854;499.221;499.815;513.885;515.065;525.534;515.795;515.795;510.617;524.611;521.840;532.103;534.394;541.389;541.185;542.430;541.455;543.060;537.380;530.898;530.898;531.819;534.141;538.981;539.986;542.660;543.838;560.029;564.043;570.754;572.707;581.698;577.373;577.373;588.357;586.335;592.264;597.310;585.779;601.524;594.724;595.991;619.313;606.097;609.096;615.763;615.763;620.220;646.659;664.938;672.755;668.612;677.558;689.438;715.337;715.889;720.545;729.042;755.753;755.753;751.386;766.685;764.855;768.047;785.761;773.634;751.504;779.458;773.735;768.880;780.903;782.450;782.450;797.192;803.763;789.400;781.660;773.112;782.023;791.351;820.150;825.505;862.232;860.194;858.988;858.988;821.344;857.933;855.850;879.622;840.286;846.660;854.513;878.427;887.942;893.436;885.964;893.041;893.041;929.366;942.678;926.293;897.212;855.962;825.030;851.587;898.855;891.757;912.244;943.030;930.775;930.775;938.336;961.653;979.975;1.085.581;1.128.714;1.167.814;1.207.891;1.278.930;1.307.190;1.351.237;1.381.212;1.417.262;1.417.262;1.447.511;1.513.397;1.516.735;1.553.984;1.495.493;1.548.166;1.539.245;1.611.120;1.669.939;1.679.200;1.695.211;1.709.679;1.709.679;1.639.751;1.652.927;1.628.608;1.643.126;1.597.393;1.619.829;1.646.910;1.658.218;1.678.122;;;Claims on Central Goverment;20
21;;Kewajiban Kepada Pemerintah Pusat;153.611;170.016;170.576;211.039;237.018;217.824;225.907;256.935;239.444;;224.528;225.492;145.426;145.426;156.746;199.589;196.239;254.079;285.616;291.063;283.140;285.367;276.242;257.480;280.890;164.618;164.618;188.401;228.474;224.732;288.980;294.340;257.058;262.145;271.031;242.558;257.276;224.056;141.072;141.072;153.453;172.804;172.079;198.684;219.837;212.967;182.949;223.711;228.321;235.482;227.943;170.762;170.762;242.655;267.658;283.641;283.197;295.006;276.213;301.032;289.663;273.548;226.085;214.580;199.155;199.155;256.762;264.009;238.489;255.314;303.539;269.326;282.161;294.586;233.492;225.066;208.184;264.626;264.626;218.435;203.140;247.533;254.808;243.582;262.417;249.249;293.182;363.198;326.816;271.936;263.385;263.385;290.020;318.125;343.995;387.856;330.152;317.218;343.160;361.876;361.955;358.708;341.496;370.125;370.125;293.032;327.578;384.208;452.299;418.919;384.540;382.598;433.190;403.583;406.493;385.356;420.312;420.312;491.058;556.570;500.511;446.471;414.539;421.971;423.552;469.695;444.285;473.983;430.200;441.602;441.602;504.995;530.569;493.287;628.155;639.583;592.528;606.019;571.152;517.354;556.233;527.246;598.869;598.869;775.095;861.995;824.617;889.540;730.551;750.833;703.412;752.812;751.958;641.852;581.772;582.412;582.412;643.434;723.049;742.775;830.117;802.656;933.946;903.427;992.182;1.058.353;;;Liabilities to Central Goverment;21
22;;Tagihan Kepada sektor lainnya;1.530.628;1.562.076;1.591.139;1.617.236;1.660.942;1.721.286;1.731.218;1.774.363;1.795.954;;1.808.229;1.842.798;1.910.022;1.910.022;1.881.004;1.917.047;1.964.490;1.993.307;2.045.007;2.109.138;2.140.515;2.205.555;2.249.588;2.283.424;2.337.812;2.383.823;2.383.823;2.375.914;2.404.608;2.465.721;2.521.274;2.588.242;2.650.053;2.664.719;2.693.174;2.754.538;2.787.802;2.830.066;2.917.452;2.917.452;2.894.235;2.924.875;2.973.874;3.028.028;3.109.337;3.180.790;3.235.593;3.285.901;3.382.500;3.387.423;3.454.934;3.526.612;3.526.612;3.492.007;3.506.161;3.549.149;3.610.329;3.651.257;3.717.744;3.747.911;3.757.074;3.823.505;3.844.952;3.913.512;3.961.583;3.961.583;3.936.152;3.958.638;3.981.351;4.026.379;4.079.709;4.157.396;4.155.066;4.213.016;4.270.057;4.239.637;4.244.290;4.318.126;4.318.126;4.276.987;4.271.323;4.309.736;4.310.149;4.365.857;4.451.853;4.483.642;4.473.940;4.535.305;4.543.160;4.622.284;4.711.239;4.711.239;4.672.523;4.668.423;4.715.602;4.700.406;4.785.691;4.839.861;4.832.752;4.841.596;4.893.184;4.906.515;4.969.291;5.087.392;5.087.392;5.005.614;5.043.608;5.116.091;5.162.090;5.259.282;5.344.340;5.372.791;5.424.360;5.531.834;5.597.568;5.585.994;5.725.267;5.725.267;5.626.623;5.666.882;5.726.662;5.736.126;5.838.723;5.891.598;5.889.907;5.881.171;5.938.477;5.944.639;5.969.617;6.039.881;6.039.881;5.942.432;5.979.059;6.116.236;6.013.148;5.970.289;5.937.341;5.923.986;5.919.068;5.959.415;5.950.029;5.896.502;5.940.141;5.940.141;5.862.876;5.870.594;5.900.531;5.917.561;5.961.035;6.006.521;6.008.316;6.023.004;6.147.503;6.152.951;6.222.102;6.259.531;6.259.531;6.222.739;6.298.283;6.423.251;6.515.883;6.553.245;6.690.292;6.688.004;6.726.775;6.805.970;;;Claims on Other Sector;22
23;;Tagihan Kepada Lembaga keuangan Lainnya;102.561;105.124;112.432;120.870;110.428;111.523;111.499;114.470;113.467;;114.149;118.079;124.852;124.852;121.824;127.578;143.475;140.418;145.722;147.298;151.724;153.061;153.928;155.813;160.481;161.444;161.444;167.930;173.804;170.728;174.827;177.733;173.718;170.630;168.210;168.697;170.279;168.895;174.952;174.952;171.978;183.450;184.127;185.849;194.762;197.895;200.918;203.690;207.982;208.980;213.253;217.469;217.469;214.351;213.743;218.040;225.089;232.042;236.409;240.712;238.566;239.971;240.961;249.966;252.742;252.742;248.260;257.484;256.754;260.610;259.101;261.003;263.067;263.172;267.916;256.707;246.372;271.704;271.704;274.397;280.018;255.203;252.381;259.447;266.860;267.037;270.490;274.395;275.388;277.006;290.028;290.028;289.465;293.536;296.981;297.471;300.624;311.836;308.752;309.527;314.032;313.942;318.677;324.909;324.909;313.719;323.989;331.290;338.838;342.632;350.546;350.113;352.030;360.057;358.502;361.249;371.297;371.297;364.374;360.098;355.676;358.349;369.352;372.785;368.994;366.054;365.748;371.952;374.526;377.277;377.277;366.888;366.692;372.412;366.534;359.604;349.810;349.405;349.319;335.049;341.653;342.686;344.148;344.148;338.820;332.716;327.012;326.446;332.240;338.973;335.441;339.721;391.008;394.061;410.989;406.112;406.112;383.341;399.618;405.325;408.159;421.123;428.415;436.057;433.924;455.189;;;Claims on Other Financial;23
24;;Pinjaman yang Diberikan 2);73.213;73.590;79.909;86.786;79.588;80.058;79.257;81.459;81.002;;80.312;82.856;88.483;88.483;85.355;89.397;104.301;101.140;105.309;107.095;110.691;112.522;115.497;115.782;119.745;123.488;123.488;128.927;135.255;131.954;135.112;136.289;131.523;124.884;127.577;128.124;130.021;128.297;132.531;132.531;131.470;139.971;141.864;143.814;151.536;155.649;158.608;161.112;162.846;162.631;167.118;171.245;171.245;166.798;164.645;166.261;172.171;178.770;181.672;182.755;180.633;183.323;181.443;185.194;189.010;189.010;183.757;187.889;183.010;183.299;183.335;186.696;189.689;188.478;191.436;180.003;176.388;201.493;201.493;200.612;203.289;177.902;173.649;182.965;191.528;188.692;189.074;193.207;191.277;193.133;202.648;202.648;197.932;198.597;198.457;197.424;202.514;213.336;207.854;207.952;210.070;209.005;208.997;221.986;221.986;206.727;214.501;219.468;221.910;230.566;242.106;238.320;237.508;240.452;242.371;241.937;257.599;257.599;242.353;239.340;241.320;243.406;255.877;256.219;243.685;245.242;246.990;247.593;250.339;259.283;259.283;246.210;249.621;269.480;265.738;259.043;247.454;243.666;240.616;228.613;228.009;228.697;231.263;231.263;223.415;222.456;222.996;218.068;222.048;226.977;224.431;229.593;224.554;224.220;225.118;240.716;240.716;254.370;258.819;244.700;252.482;255.322;267.443;270.067;264.793;277.768;;;Loans 2);24
25;;Tagihan Lainnya;29.348;31.533;32.523;34.084;30.840;31.465;32.242;33.010;32.465;;33.837;35.223;36.369;36.369;36.469;38.181;39.173;39.277;40.414;40.204;41.033;40.539;38.430;40.031;40.736;37.956;37.956;39.003;38.549;38.774;39.715;41.444;42.196;45.746;40.633;40.573;40.258;40.598;42.422;42.422;40.508;43.479;42.263;42.034;43.226;42.246;42.310;42.577;45.136;46.349;46.135;46.225;46.225;47.553;49.098;51.779;52.918;53.272;54.737;57.957;57.934;56.648;59.518;64.773;63.732;63.732;64.504;69.594;73.744;77.311;75.767;74.307;73.378;74.694;76.479;76.704;69.984;70.210;70.210;73.785;76.730;77.301;78.731;76.482;75.332;78.345;81.416;81.188;84.111;83.873;87.380;87.380;91.532;94.938;98.524;100.047;98.109;98.500;100.898;101.574;103.961;104.937;109.679;102.923;102.923;106.992;109.489;111.822;116.928;112.066;108.440;111.793;114.522;119.606;116.131;119.311;113.698;113.698;122.021;120.759;114.356;114.943;113.475;116.566;125.309;120.811;118.759;124.360;124.187;117.994;117.994;120.677;117.070;102.932;100.795;100.562;102.355;105.738;108.703;106.436;113.645;113.989;112.884;112.884;115.405;110.260;104.016;108.377;110.192;111.996;111.009;110.128;166.454;169.841;185.871;165.396;165.396;128.971;140.798;160.625;155.677;165.801;160.971;165.990;169.131;177.421;;;Other Claims;25
26;;Tagihan Kepada Pemerintah Daerah;1.758;1.173;1.239;1.374;1.252;1.214;1.338;1.306;1.340;;1.305;1.342;1.594;1.594;1.519;1.514;1.498;5.019;1.009;953;952;963;917;935;997;1.410;1.410;979;1.440;1.439;1.403;1.367;1.419;1.604;1.805;1.980;2.185;2.367;2.790;2.790;2.360;2.781;2.931;3.162;3.321;3.543;3.711;3.856;4.075;4.271;4.428;4.727;4.727;4.841;5.055;5.235;5.390;5.553;5.730;5.849;5.838;6.042;6.212;6.369;6.635;6.635;6.623;6.456;6.271;5.742;5.837;5.889;5.884;5.882;5.999;6.071;6.197;6.516;6.516;6.701;6.781;6.779;6.823;6.927;6.969;6.966;4.763;1.245;578;616;589;589;976;936;709;827;721;893;1.013;888;932;940;3.726;4.476;4.476;4.600;4.004;3.944;3.840;3.818;4.089;4.084;4.077;4.282;4.351;4.397;5.242;5.242;5.077;4.880;4.815;4.669;5.333;5.151;5.417;5.459;5.529;1.741;1.991;2.400;2.400;2.409;2.239;1.650;1.961;1.980;1.741;1.738;1.710;1.653;1.734;1.755;2.656;2.656;2.569;2.163;2.216;2.087;2.138;2.006;1.941;1.862;1.651;2.049;2.006;2.792;2.792;2.709;2.496;2.243;2.067;1.817;1.794;1.793;1.765;1.770;;;Claims on State and Local Govermment;26
27;;Pinjaman yang Diberikan 2);1.758;1.173;1.239;1.374;1.252;1.214;1.338;1.304;1.338;;1.303;1.340;1.594;1.594;1.517;1.513;1.497;5.018;999;953;952;963;917;930;992;1.405;1.405;974;1.435;1.434;1.397;1.362;1.419;1.595;1.796;1.970;2.175;2.358;2.780;2.780;2.350;2.771;2.921;3.131;3.291;3.512;3.683;3.828;4.048;4.244;4.402;4.700;4.700;4.815;5.029;5.209;5.364;5.532;5.709;5.828;5.817;6.021;6.191;6.348;6.614;6.614;6.602;6.435;6.250;5.721;5.816;5.868;5.863;5.861;5.978;6.050;6.176;6.495;6.495;6.680;6.760;6.758;6.802;6.906;6.948;6.944;4.742;1.224;557;595;568;568;955;915;709;827;721;893;913;788;832;840;3.626;4.376;4.376;4.500;3.904;3.844;3.740;3.718;3.989;3.984;3.977;4.007;4.076;4.122;4.966;4.966;4.802;4.604;4.540;4.394;5.058;4.876;5.142;5.358;5.429;1.641;1.891;2.300;2.300;2.134;1.964;1.650;1.961;1.980;1.740;1.738;1.710;1.653;1.734;1.755;2.656;2.656;2.569;2.163;2.216;2.087;2.138;2.006;1.941;1.862;1.651;2.049;2.006;2.792;2.792;2.709;2.496;2.243;2.067;1.817;1.794;1.793;1.765;1.770;;;Loans 2);27
28;;Tagihan Lainnya;0;0;0;0;0;0;0;2;2;;2;2;0;0;2;1;1;1;10;1;0;0;0;5;5;5;5;5;5;5;5;5;0;10;10;10;10;10;10;10;10;10;10;31;31;31;28;28;27;27;27;27;27;27;27;27;27;21;21;21;21;21;21;21;21;21;21;21;21;21;21;21;21;21;21;21;21;21;21;21;21;21;21;21;21;21;21;21;21;21;21;21;21;21;0;0;0;0;100;100;100;100;100;100;100;100;100;100;100;100;100;100;100;275;275;275;275;275;275;275;275;275;275;275;275;100;100;100;100;100;100;275;275;0;0;0;0;0;0;0;0;0;0;0;0;0;0;0;0;0;0;0;0;0;0;-;0;-;-;-;-;-;-;-;-;-;;;Other Claims;28
29;;Tagihan Kepada Perusahaan Bukan keuangan BUMN;74.014;75.271;79.813;82.424;87.734;97.067;95.914;97.361;97.679;;94.132;96.907;99.369;99.369;95.472;97.027;91.980;85.838;88.475;96.052;99.402;105.055;105.744;101.958;108.296;102.594;102.594;104.833;94.820;108.409;118.085;123.511;116.929;117.307;120.680;116.429;113.968;157.969;158.383;158.383;166.767;163.916;167.033;180.698;180.050;181.353;180.893;184.270;196.176;191.054;196.401;206.111;206.111;207.291;211.538;212.584;210.377;224.944;215.948;226.807;219.927;227.825;210.234;214.330;213.528;213.528;226.573;222.760;209.221;219.394;229.741;239.222;241.378;233.628;236.296;236.518;237.576;217.778;217.778;220.418;205.915;248.524;244.028;253.173;276.380;275.810;271.213;281.536;290.573;297.652;304.802;304.802;315.879;312.734;321.857;323.161;316.578;317.603;323.337;329.530;322.179;322.038;321.332;345.288;345.288;337.737;333.585;346.753;365.932;391.540;408.869;412.198;426.734;455.464;475.687;456.199;480.134;480.134;466.700;481.585;479.527;474.320;508.166;520.299;521.149;517.356;514.461;495.990;501.516;508.582;508.582;487.981;487.218;507.284;509.471;517.458;523.717;515.867;515.232;507.781;487.857;468.768;464.221;464.221;459.007;458.931;461.900;467.169;474.405;479.002;478.871;481.116;483.665;476.282;446.404;406.466;406.466;436.221;434.655;447.237;510.792;493.184;519.302;505.969;514.655;510.365;;;Claims on Public Non_Financial Corp.;29
30;;Pinjaman yang Diberikan 2);64.819;65.003;70.283;73.593;78.699;88.636;86.312;88.375;88.688;;86.126;88.909;91.064;91.064;87.171;88.737;83.681;77.742;79.561;85.722;88.347;92.051;93.572;91.068;96.524;89.997;89.997;92.944;82.445;93.547;102.457;108.184;101.552;101.368;106.099;101.727;100.130;143.308;143.506;143.506;151.264;148.192;151.807;168.083;164.915;166.016;165.465;168.264;180.003;175.432;180.475;187.069;187.069;188.311;195.767;196.443;193.520;207.201;196.715;208.146;201.622;206.055;189.986;194.531;194.380;194.380;205.738;196.956;181.023;190.607;201.745;210.765;213.993;206.298;214.353;208.470;208.340;187.495;187.495;187.928;176.754;217.917;214.086;221.544;245.232;247.150;243.188;254.681;264.758;270.192;275.356;275.356;284.763;281.037;291.850;293.650;285.915;285.928;292.278;296.949;286.337;287.700;282.216;301.101;301.101;297.817;292.157;304.668;324.924;348.540;366.685;365.509;380.859;407.862;420.390;407.249;419.011;419.011;413.087;426.683;424.163;421.826;454.855;469.228;469.616;465.943;459.190;439.995;440.143;444.310;444.310;424.968;429.439;446.526;451.739;463.885;471.859;463.525;463.656;455.753;434.726;417.403;411.548;411.548;408.262;407.319;410.687;414.307;424.592;429.427;423.004;425.560;425.600;418.196;386.469;349.837;349.837;387.141;389.164;408.541;450.973;454.523;482.723;469.467;477.901;474.503;;;Loans 2);30
31;;Tagihan Lainnya;9.194;10.268;9.530;8.831;9.035;8.431;9.602;8.986;8.991;;8.006;7.998;8.305;8.305;8.301;8.290;8.299;8.096;8.915;10.330;11.055;13.004;12.173;10.890;11.772;12.596;12.596;11.889;12.375;14.861;15.629;15.327;15.377;15.939;14.581;14.702;13.838;14.661;14.877;14.877;15.503;15.724;15.226;12.615;15.136;15.338;15.428;16.006;16.173;15.622;15.926;19.042;19.042;18.980;15.770;16.141;16.856;17.744;19.233;18.661;18.305;21.770;20.248;19.800;19.148;19.148;20.835;25.804;28.198;28.787;27.996;28.457;27.386;27.330;21.943;28.047;29.235;30.283;30.283;32.490;29.162;30.608;29.942;31.629;31.147;28.660;28.025;26.855;25.814;27.461;29.446;29.446;31.116;31.697;30.007;29.511;30.663;31.675;31.059;32.581;35.842;34.338;39.116;44.187;44.187;39.920;41.428;42.086;41.008;43.000;42.184;46.688;45.875;47.602;55.297;48.950;61.123;61.123;53.613;54.902;55.364;52.494;53.311;51.071;51.533;51.413;55.271;55.996;61.373;64.273;64.273;63.012;57.779;60.759;57.733;53.573;51.857;52.342;51.576;52.028;53.131;51.365;52.673;52.673;50.745;51.612;51.212;52.863;49.814;49.575;55.867;55.556;58.065;58.085;59.934;56.629;56.629;49.080;45.492;38.696;59.819;38.661;36.580;36.502;36.754;35.862;;;Other Claims;31
32;;Tagihan Kepada Sektor Swasta;1.352.295;1.380.507;1.397.656;1.412.568;1.461.528;1.511.482;1.522.466;1.561.226;1.583.468;;1.598.643;1.626.469;1.684.207;1.684.207;1.662.189;1.690.927;1.727.537;1.762.032;1.809.801;1.864.834;1.888.437;1.946.476;1.989.000;2.024.718;2.068.037;2.118.376;2.118.376;2.102.172;2.134.544;2.185.146;2.226.960;2.285.631;2.357.987;2.375.178;2.402.479;2.467.432;2.501.370;2.500.834;2.581.327;2.581.327;2.553.130;2.574.729;2.619.784;2.658.320;2.731.204;2.797.999;2.850.071;2.894.085;2.974.266;2.983.117;3.040.852;3.098.305;3.098.305;3.065.524;3.075.825;3.113.289;3.169.473;3.188.717;3.259.657;3.274.542;3.292.743;3.349.667;3.387.545;3.442.846;3.488.677;3.488.677;3.454.695;3.471.938;3.509.105;3.540.632;3.585.030;3.651.282;3.644.737;3.710.334;3.759.846;3.740.342;3.754.145;3.822.128;3.822.128;3.775.472;3.778.609;3.799.229;3.806.917;3.846.310;3.901.644;3.933.829;3.927.473;3.978.129;3.976.621;4.047.010;4.115.821;4.115.821;4.066.204;4.061.217;4.096.056;4.078.947;4.167.769;4.209.529;4.199.649;4.201.652;4.256.041;4.269.594;4.325.556;4.412.719;4.412.719;4.349.558;4.382.029;4.434.102;4.453.480;4.521.292;4.580.835;4.606.397;4.641.519;4.712.031;4.759.028;4.764.149;4.868.594;4.868.594;4.790.472;4.820.319;4.886.645;4.898.787;4.955.873;4.993.363;4.994.346;4.992.303;5.052.739;5.074.954;5.091.584;5.151.622;5.151.622;5.085.155;5.122.910;5.234.890;5.135.183;5.091.247;5.062.074;5.056.976;5.052.808;5.114.933;5.118.785;5.083.294;5.129.116;5.129.116;5.062.479;5.076.784;5.109.403;5.121.859;5.152.251;5.186.540;5.192.064;5.200.306;5.271.179;5.280.560;5.362.704;5.444.160;5.444.160;5.400.468;5.461.514;5.568.447;5.594.865;5.637.121;5.740.781;5.744.185;5.776.430;5.838.646;;;Claims on Private Sectors;32
33;;Pinjaman yang Diberikan 2);1.284.354;1.307.857;1.323.988;1.345.557;1.391.421;1.438.799;1.452.412;1.490.990;1.510.336;;1.529.522;1.555.599;1.606.809;1.606.809;1.589.282;1.614.345;1.645.330;1.681.874;1.726.418;1.779.484;1.796.702;1.849.392;1.891.664;1.921.442;1.956.778;2.009.216;2.009.216;1.993.074;2.017.158;2.073.198;2.113.133;2.174.662;2.249.044;2.274.492;2.307.419;2.356.137;2.386.476;2.390.820;2.462.988;2.462.988;2.436.729;2.461.785;2.508.299;2.545.486;2.605.301;2.673.817;2.734.273;2.773.514;2.845.893;2.854.927;2.898.110;2.965.607;2.965.607;2.933.734;2.938.375;2.976.010;3.025.371;3.048.131;3.122.039;3.133.368;3.144.572;3.200.665;3.215.930;3.246.041;3.318.866;3.318.866;3.272.602;3.309.119;3.345.375;3.368.584;3.404.079;3.462.993;3.460.651;3.514.952;3.576.727;3.560.426;3.587.618;3.681.301;3.681.301;3.615.019;3.611.720;3.626.635;3.640.057;3.690.061;3.758.150;3.721.790;3.743.138;3.796.198;3.791.349;3.852.095;3.925.076;3.925.076;3.855.796;3.854.761;3.907.024;3.919.734;3.966.667;4.020.055;3.993.725;4.010.472;4.073.861;4.092.433;4.134.269;4.237.368;4.237.368;4.153.964;4.182.273;4.242.947;4.259.614;4.328.941;4.388.849;4.391.869;4.431.504;4.486.735;4.523.542;4.534.556;4.641.544;4.641.544;4.557.955;4.586.518;4.652.218;4.672.630;4.739.282;4.766.613;4.765.759;4.775.245;4.838.557;4.844.218;4.859.133;4.927.983;4.927.983;4.842.157;4.865.692;4.989.585;4.895.640;4.863.154;4.834.340;4.830.446;4.817.487;4.846.298;4.823.252;4.809.436;4.840.470;4.840.470;4.768.377;4.789.716;4.842.334;4.849.687;4.869.906;4.921.503;4.912.246;4.925.518;4.995.991;5.008.455;5.080.901;5.163.419;5.163.419;5.057.021;5.099.962;5.195.271;5.266.184;5.285.103;5.408.061;5.400.740;5.415.749;5.503.708;;;Loans2);33
34;;Tagihan Lainnya;67.941;72.651;73.668;67.011;70.108;72.683;70.054;70.236;73.133;;69.121;70.871;77.398;77.398;72.907;76.582;82.207;80.158;83.383;85.350;91.735;97.083;97.335;103.276;111.260;109.160;109.160;109.098;117.387;111.948;113.826;110.969;108.943;100.687;95.060;111.295;114.894;110.014;118.339;118.339;116.401;112.945;111.485;112.834;125.903;124.182;115.798;120.571;128.374;128.191;142.742;132.698;132.698;131.789;137.449;137.279;144.102;140.586;137.618;141.174;148.171;149.002;171.616;196.805;169.811;169.811;182.093;162.819;163.730;172.048;180.951;188.289;184.086;195.382;183.119;179.917;166.528;140.827;140.827;160.453;166.889;172.594;166.860;156.249;143.494;212.039;184.334;181.931;185.272;194.915;190.744;190.744;210.408;206.456;189.032;159.214;201.102;189.474;205.925;191.179;182.180;177.161;191.286;175.351;175.351;195.595;199.756;191.156;193.867;192.351;191.986;214.527;210.015;225.295;235.486;229.593;227.051;227.051;232.517;233.801;234.427;226.157;216.591;226.751;228.587;217.058;214.183;230.736;232.451;223.639;223.639;242.998;257.218;245.305;239.543;228.093;227.734;226.530;235.321;268.635;295.533;273.857;288.646;288.646;294.102;287.068;267.069;272.173;282.346;265.037;279.818;274.788;275.187;272.104;281.804;280.742;280.742;343.447;361.552;373.176;328.681;352.018;332.720;343.444;360.681;334.938;;;Other Claims;34
35;;Simpanan dan Surat Berharga yang tidak termasuk Uang Beredar;-55.946;-53.635;-52.632;-51.650;-57.042;-59.136;-67.825;-72.194;-75.332;;-81.737;-92.317;-113.547;-113.547;-104.184;-103.664;-131.977;-145.711;-156.016;-158.245;-163.623;-162.071;-167.532;-172.521;-177.701;-186.990;-186.990;-184.261;-184.218;-186.299;-188.392;-192.876;-201.571;-206.443;-205.578;-227.964;-217.704;-227.331;-242.014;-242.014;-234.448;-228.686;-227.791;-226.503;-226.830;-237.858;-235.726;-234.315;-256.345;-247.739;-260.394;-279.580;-279.580;-271.522;-274.661;-273.264;-272.968;-271.995;-269.860;-252.412;-269.888;-279.269;-282.935;-284.491;-283.176;-283.176;-255.726;-249.739;-255.960;-260.319;-269.861;-287.795;-263.330;-252.817;-260.230;-249.744;-251.563;-263.687;-263.687;-245.610;-243.306;-229.204;-240.946;-239.472;-246.986;-236.922;-239.407;-244.790;-244.365;-256.120;-271.978;-271.978;-260.997;-257.693;-258.937;-250.916;-260.128;-270.951;-267.166;-261.613;-289.121;-283.427;-290.494;-333.276;-333.276;-313.324;-308.834;-309.581;-307.155;-311.973;-317.820;-313.808;-323.225;-333.134;-342.274;-354.594;-353.968;-353.968;-332.374;-331.971;-329.081;-327.113;-332.127;-338.633;-339.599;-342.781;-342.732;-328.627;-341.201;-361.971;-361.971;-331.459;-338.587;-207.078;-317.069;-190.181;-307.013;-197.935;-202.360;-337.792;-323.420;-329.328;-350.527;-350.527;-339.092;-320.562;-368.223;-355.823;-359.795;-362.165;-347.346;-363.825;-369.513;-285.252;-298.066;-247.456;-247.456;-271.502;-267.034;-261.277;-261.327;-264.092;-286.867;-286.017;-290.447;-292.288;;;Deposits and Securities Other Than Shares Excluded Broad Money;35
36;;Simpanan;-54.268;-52.035;-51.065;-50.302;-55.796;-57.862;-66.571;-70.789;-73.977;;-80.393;-89.761;-110.905;-110.905;-101.436;-101.471;-129.785;-142.226;-153.686;-155.585;-161.337;-160.401;-165.799;-170.842;-176.099;-183.950;-183.950;-181.332;-181.321;-183.231;-185.556;-190.189;-198.573;-203.482;-202.483;-225.167;-212.844;-221.822;-235.073;-235.073;-228.002;-222.184;-221.521;-221.182;-221.733;-227.293;-232.838;-231.601;-253.625;-245.703;-258.161;-277.264;-277.264;-269.249;-272.400;-271.011;-270.710;-269.780;-267.640;-250.190;-267.666;-277.050;-280.588;-282.179;-281.031;-281.031;-253.578;-247.563;-253.917;-258.229;-267.824;-286.012;-261.505;-251.018;-258.409;-247.949;-249.845;-261.934;-261.934;-244.058;-242.136;-228.029;-239.768;-238.271;-245.630;-234.879;-237.491;-242.756;-241.284;-252.639;-267.988;-267.988;-256.705;-254.160;-254.993;-246.682;-257.511;-268.135;-257.344;-258.235;-285.478;-278.672;-285.858;-329.108;-329.108;-309.003;-303.066;-303.994;-301.019;-305.427;-311.740;-305.974;-316.667;-326.773;-327.666;-347.533;-347.678;-347.678;-325.737;-325.338;-322.124;-320.245;-325.538;-331.966;-333.050;-336.389;-336.870;-322.530;-334.167;-354.918;-354.918;-324.533;-331.771;-200.256;-310.335;-183.887;-300.856;-191.906;-194.228;-331.769;-317.525;-324.152;-345.204;-345.204;-331.990;-315.103;-363.003;-350.247;-353.648;-356.589;-341.983;-358.185;-364.974;-280.882;-293.707;-243.490;-243.490;-264.160;-260.081;-255.976;-255.686;-258.689;-280.342;-279.854;-284.332;-286.155;;;Deposits;36
37;;Surat Berharga;-1.678;-1.600;-1.567;-1.348;-1.246;-1.273;-1.255;-1.405;-1.355;;-1.345;-2.557;-2.642;-2.642;-2.748;-2.194;-2.192;-3.485;-2.330;-2.660;-2.286;-1.670;-1.733;-1.680;-1.603;-3.040;-3.040;-2.929;-2.897;-3.068;-2.836;-2.687;-2.998;-2.960;-3.095;-2.797;-4.860;-5.509;-6.940;-6.940;-6.446;-6.502;-6.270;-5.321;-5.097;-10.565;-2.888;-2.714;-2.720;-2.036;-2.233;-2.316;-2.316;-2.273;-2.261;-2.253;-2.258;-2.216;-2.220;-2.222;-2.223;-2.219;-2.347;-2.312;-2.145;-2.145;-2.148;-2.177;-2.043;-2.089;-2.037;-1.784;-1.825;-1.799;-1.820;-1.795;-1.719;-1.753;-1.753;-1.553;-1.170;-1.175;-1.178;-1.201;-1.357;-2.043;-1.916;-2.035;-3.081;-3.481;-3.990;-3.990;-4.292;-3.533;-3.943;-4.235;-2.617;-2.816;-9.821;-3.378;-3.643;-4.754;-4.636;-4.168;-4.168;-4.321;-5.768;-5.587;-6.136;-6.546;-6.080;-7.834;-6.558;-6.362;-14.608;-7.062;-6.290;-6.290;-6.637;-6.633;-6.957;-6.868;-6.589;-6.666;-6.549;-6.393;-5.862;-6.098;-7.034;-7.052;-7.052;-6.927;-6.815;-6.822;-6.734;-6.293;-6.157;-6.029;-8.132;-6.023;-5.895;-5.176;-5.322;-5.322;-7.102;-5.459;-5.219;-5.575;-6.147;-5.576;-5.363;-5.640;-4.538;-4.370;-4.359;-3.966;-3.966;-7.342;-6.952;-5.301;-5.641;-5.403;-6.525;-6.163;-6.115;-6.133;;;Securities;37
38;;Kewajiban Lainnya kepada Lembaga Keuangan;-15.057;-11.575;-10.930;-14.035;-15.351;-17.036;-17.972;-17.787;-19.662;;-17.426;-17.272;-19.194;-19.194;-22.685;-22.686;-24.396;-23.347;-31.396;-35.513;-26.885;-24.484;-27.629;-29.398;-23.791;-27.221;-27.221;-26.058;-24.223;-26.017;-24.991;-27.061;-29.755;-31.676;-32.899;-32.739;-33.793;-33.776;-34.333;-34.333;-33.883;-34.762;-37.206;-37.354;-37.066;-37.580;-39.691;-41.402;-43.728;-42.630;-45.314;-47.947;-47.947;-48.301;-45.288;-44.585;-44.963;-46.532;-44.363;-54.191;-46.277;-48.161;-48.287;-52.815;-49.889;-49.889;-46.938;-50.512;-50.259;-50.084;-50.833;-52.199;-56.761;-57.760;-63.203;-52.094;-52.582;-57.716;-57.716;-55.104;-57.488;-49.896;-49.053;-54.488;-51.698;-47.148;-46.948;-50.999;-49.836;-52.955;-55.007;-55.007;-51.901;-55.194;-63.300;-58.764;-57.912;-49.094;-65.019;-68.140;-68.612;-68.937;-69.861;-74.764;-74.764;-71.922;-75.520;-72.836;-72.828;-72.513;-76.137;-79.487;-77.667;-80.632;-84.520;-78.275;-80.818;-80.818;-78.414;-79.529;-77.305;-78.053;-77.696;-81.643;-81.190;-77.652;-74.325;-73.896;-78.251;-80.993;-80.993;-75.785;-77.464;-84.543;-79.174;-74.493;-77.723;-71.716;-69.539;-80.237;-75.659;-72.803;-73.394;-73.394;-72.964;-69.119;-71.650;-73.476;-74.831;-77.527;-69.837;-65.495;-65.328;-61.453;-63.160;-62.276;-62.276;-63.528;-59.983;-59.308;-59.583;-59.780;-62.048;-66.657;-67.195;-68.501;;;Liabilities to Other Financial Coporation;38
39;;Saham dan Modal lainnya;-367.324;-366.842;-358.036;-360.687;-358.235;-358.548;-368.484;-379.141;-394.516;;-404.777;-404.312;-418.454;-418.454;-431.970;-433.855;-436.702;-442.814;-432.873;-450.912;-451.907;-475.814;-486.262;-514.003;-531.198;-525.849;-525.849;-552.060;-573.645;-565.851;-574.451;-580.555;-597.796;-623.880;-635.421;-662.722;-671.221;-687.432;-706.644;-706.644;-718.930;-717.569;-722.548;-722.109;-707.722;-693.487;-722.273;-766.307;-848.208;-849.574;-894.229;-920.793;-920.793;-935.973;-908.651;-902.086;-914.405;-921.849;-967.243;-944.312;-959.649;-988.486;-991.549;-1.006.376;-1.027.315;-1.027.315;-1.060.135;-1.074.954;-1.076.710;-1.058.064;-1.071.827;-1.082.895;-1.095.063;-1.138.087;-1.187.461;-1.136.936;-1.157.211;-1.173.001;-1.173.001;-1.202.936;-1.186.861;-1.216.670;-1.215.644;-1.244.902;-1.265.819;-1.250.876;-1.279.030;-1.265.852;-1.263.155;-1.284.827;-1.276.553;-1.276.553;-1.297.903;-1.311.252;-1.301.643;-1.307.691;-1.324.376;-1.338.723;-1.366.028;-1.386.914;-1.411.485;-1.418.979;-1.431.741;-1.451.818;-1.451.818;-1.461.942;-1.482.118;-1.468.307;-1.463.777;-1.476.396;-1.513.454;-1.531.594;-1.570.462;-1.600.645;-1.632.485;-1.588.046;-1.630.190;-1.630.190;-1.604.837;-1.621.554;-1.659.810;-1.653.646;-1.617.153;-1.642.570;-1.652.592;-1.699.964;-1.708.971;-1.716.213;-1.736.568;-1.736.063;-1.736.063;-1.656.344;-1.686.128;-1.838.238;-1.753.815;-1.734.148;-1.704.631;-1.787.013;-1.808.963;-1.840.329;-1.838.543;-1.816.555;-1.853.413;-1.853.413;-1.841.573;-1.835.674;-1.816.504;-1.832.618;-1.851.102;-1.873.387;-1.896.214;-1.901.788;-2.001.534;-1.999.195;-2.024.769;-2.023.572;-2.023.572;-2.024.051;-2.031.651;-1.942.799;-1.908.556;-1.916.744;-1.943.765;-1.972.462;-1.985.651;-1.972.896;;;Shares and Other Equity;39
40;;Lainnya Bersih 3);-127.233;-150.562;-153.773;-163.878;-115.414;-116.738;-111.334;-130.463;-139.665;;-144.330;-127.797;-121.460;-121.460;-98.137;-132.396;-149.448;-156.345;-144.397;-129.049;-122.601;-113.845;-81.378;-60.302;-59.896;-29.895;-29.895;-12.736;-8.767;3.412;-10.317;-4.444;21.956;39.270;45.186;22.536;23.120;23.918;17.778;17.778;23.215;37.512;21.937;37.399;30.173;36.822;41.894;38.741;35.317;36.283;19.538;34.146;34.146;34.679;29.598;31.322;19.609;22.431;23.921;45.636;35.632;42.576;26.032;9.999;49.733;49.733;43.774;44.390;32.309;39.581;47.107;25.783;48.433;40.344;34.972;21.970;19.684;57.313;57.313;48.884;28.548;43.782;83.606;81.698;116.936;62.520;82.188;83.143;75.767;68.419;79.272;79.272;62.534;67.571;85.363;133.798;93.167;145.234;111.283;127.761;136.523;140.443;145.268;160.930;160.930;131.667;115.347;134.224;149.350;163.229;152.700;140.662;147.650;134.184;147.836;161.020;184.424;184.424;208.096;199.705;193.515;196.941;204.004;229.279;229.361;218.613;233.861;239.108;237.096;280.135;280.135;211.164;217.160;297.454;269.938;345.373;346.110;372.738;447.705;495.404;539.053;623.557;713.554;713.554;734.220;744.822;755.861;822.514;798.017;829.915;830.674;819.535;820.481;812.737;781.586;1.007.279;1.007.279;1.004.204;1.019.336;988.323;1.069.596;1.032.563;1.028.054;1.023.514;1.080.711;1.117.290;;;Net Other Items 3);40
"1) Sejak periode data Januari 2012 dilakukan perluasan cakupan data BPR melalui penambahan BPR Syariah
2) Termasuk Bunga Pinjaman
3) Termasuk derivatif keuangan";;;;;;;;;;;;;;;;;;;;;;;;;;;;;;;;;;;;;;;;;;;;;;;;;;;;;;;;;;;;;;;;;;;;;;;;;;;;;;;;;;;;;;;;;;;;;;;;;;;;;;;;;;;;;;;;;;;;;;;;;;;;;;;;;;;;;;;;;;;;;;;;;;;;;;;;;;;;;;;;;;;;;;;;;;;;
"1) Sejak periode data Januari 2012 dilakukan perluasan cakupan data BPR melalui penambahan BPR Syariah
2) Termasuk Bunga Pinjaman
3) Termasuk derivatif keuangan";;;;;;;;;;;;;;;;;;;;;;;;;;;;;;;;;;;;;;;;;;;;;;;;;;;;;;;;;;;;;;;;;;;;;;;;;;;;;;;;;;;;;;;;;;;;;;;;;;;;;;;;;;;;;;;;;;;;;;;;;;;;;;;;;;;;;;;;;;;;;;;;;;;;;;;;;;;;;;;;"1) Since January 2012, the data coverage was enhanced by including Rural Sharia Bank Data
2) Include Credit Interest
3) Include financial derivatives";;;;;;;;;;;;
;;;;;;;;;;;;;;;;;;;;;;;;;;;;;;;;;;;;;;;;;;;;;;;;;;;;;;;;;;;;;;;;;;;;;;;;;;;;;;;;;;;;;;;;;;;;;;;;;;;;;;;;;;;;;;;;;;;;;;;;;;;;;;;;;;;;;;;;;;;;;;;;;;;;;;;;;;;;;;;;;;;;;;;;;;;;
